{"cameraMode":{"drawMode":0,"name":"Shaded","section":"Shading Mode"},"sceneLighting":true,"audioPlay":false,"sceneViewState":{"m_AlwaysRefresh":false,"showFog":true,"showSkybox":true,"showFlares":true,"showImageEffects":true,"showParticleSystems":true,"showVisualEffectGraphs":true,"m_FxEnabled":true},"in2DMode":false,"pivot":{"x":0.042414043098688129,"y":-0.0734819620847702,"z":-10.110710144042969},"rotation":{"x":0.11684795469045639,"y":0.057168036699295047,"z":-0.006739068776369095,"w":0.9914883971214294},"size":0.18951424956321717,"orthographic":false}